Feature_Pair,Accuracy_cipa_1_testing,Accuracy_cipa_2_testing,AUC_cipa_1_testing,AUC_cipa_2_testing,Sensitivity_cipa_1_testing,Sensitivity_cipa_2_testing,Specificity_cipa_1_testing,Specificity_cipa_2_testing,LR_positive_cipa_1_testing,LR_positive_cipa_2_testing,LR_negative_cipa_1_testing,LR_negative_cipa_2_testing,F1score_cipa_1_testing,F1score_cipa_2_testing,Classification_error_testing,Pairwise_classification_accuracy_testing,Rank_score_testing,logLik_training,Alpha_1,Alpha_2,Beta_1,Rank_score_training,Accuracy_cipa_1_training,Accuracy_cipa_2_training,AUC_cipa_1_training,AUC_cipa_2_training,Sensitivity_cipa_1_training,Sensitivity_cipa_2_training,Specificity_cipa_1_training,Specificity_cipa_2_training,LR_positive_cipa_1_training,LR_positive_cipa_2_training,LR_negative_cipa_1_training,LR_negative_cipa_2_training,F1score_cipa_1_training,F1score_cipa_2_training,Classification_error_training
qNet,0.875,0.75,0.963636364,0.864583333,0.818181818,0.75,0.8,0.75,4.545436818,2.999992,0.181819,0.333334222,0.9,0.6,0.245686962,0.914691943,0.733333333,-0.069504967,-125.8808047,-108.4363819,-129.3530438,1,0.988958333,0.991083333,0.998881281,0.998468148,0.9944375,0.981875,0.978,0.9956875,45.19969546,227.6286079,0.005688644,0.018204489,0.991741204,0.986561166,0.021727806
APD50,0.75,0.8125,0.927272727,0.916666667,0.636363636,0.75,0.8,0.75,3.636350455,3.999988,0.363637,0.30000084,0.777777778,0.666666667,0.319681631,0.895734597,0.6,-0.464595366,40.90587411,44.72672126,37.36507823,0.791666667,0.787708333,0.984375,0.886524102,0.999755063,0.8721875,0.954625,0.61875,0.99925,2.28770154,1271.139814,0.206566939,0.045410012,0.84562945,0.976036807,0.233229064
APD90,0.6875,0.875,0.909090909,0.916666667,0.636363636,1,0.8,0.833333333,3.181807273,5.99997,0.454546136,1.20E-06,0.736842105,0.8,0.333300977,0.881516588,0.7,-0.550063879,30.04565353,33.33882316,26.94056602,0.791666667,0.774375,0.986666667,0.838329168,0.999559832,0.859,0.963375,0.605125,0.9983125,2.175368977,570.551377,0.233010976,0.036687874,0.835425341,0.979661879,0.244387022
