Feature_Pair,Accuracy_cipa_1_testing,Accuracy_cipa_2_testing,AUC_cipa_1_testing,AUC_cipa_2_testing,Sensitivity_cipa_1_testing,Sensitivity_cipa_2_testing,Specificity_cipa_1_testing,Specificity_cipa_2_testing,LR_positive_cipa_1_testing,LR_positive_cipa_2_testing,LR_negative_cipa_1_testing,LR_negative_cipa_2_testing,F1score_cipa_1_testing,F1score_cipa_2_testing,Classification_error_testing,Pairwise_classification_accuracy_testing,Rank_score_testing,logLik_training,Alpha_1,Alpha_2,Beta_1,Rank_score_training,Accuracy_cipa_1_training,Accuracy_cipa_2_training,AUC_cipa_1_training,AUC_cipa_2_training,Sensitivity_cipa_1_training,Sensitivity_cipa_2_training,Specificity_cipa_1_training,Specificity_cipa_2_training,LR_positive_cipa_1_training,LR_positive_cipa_2_training,LR_negative_cipa_1_training,LR_negative_cipa_2_training,F1score_cipa_1_training,F1score_cipa_2_training,Classification_error_training
qNet,0.8125,0.75,0.845454545,0.895833333,0.909090909,0.75,0.6,0.666666667,2.272724091,2.999992,0.151516566,0.333334222,0.869565217,0.6,0.272043662,0.914691943,0.7,-0.024555162,-199.6510568,-168.0270603,-202.0410493,1,0.999541667,0.991458333,0.999996672,0.999630266,0.99975,0.98625,0.999125,0.9940625,1141.268262,166.0774606,0.00025122,0.01383312,0.999656282,0.987175477,0.010194862
APD50,0.6875,0.8125,0.890909091,0.916666667,0.636363636,1,0.8,0.75,3.181807273,3.999988,0.454546136,1.33333E-06,0.736842105,0.727272727,0.37110488,0.876777251,0.633333333,-0.476350132,37.80540671,41.50060445,34.59790131,0.833333333,0.806757039,0.979937435,0.881100286,0.99944097,0.8746875,0.9415,0.670470219,0.999186228,2.654345365,1155.539905,0.186903623,0.058548587,0.857983631,0.969057575,0.218493595
APD90,0.6875,0.875,0.890909091,0.916666667,0.636363636,1,0.8,0.833333333,3.181807273,5.99997,0.454546136,1.2E-06,0.736842105,0.8,0.374201558,0.872037915,0.666666667,-0.566990263,27.63099501,30.77948282,24.81248566,0.791666667,0.793076121,0.978936392,0.838721575,0.998449206,0.8665,0.955,0.645768025,0.990923318,2.446133086,105.2031749,0.206731811,0.045413155,0.84823641,0.968007602,0.233477661
