Feature_Pair,Accuracy_cipa_1_testing,Accuracy_cipa_2_testing,AUC_cipa_1_testing,AUC_cipa_2_testing,Sensitivity_cipa_1_testing,Sensitivity_cipa_2_testing,Specificity_cipa_1_testing,Specificity_cipa_2_testing,LR_positive_cipa_1_testing,LR_positive_cipa_2_testing,LR_negative_cipa_1_testing,LR_negative_cipa_2_testing,F1score_cipa_1_testing,F1score_cipa_2_testing,Classification_error_testing,Pairwise_classification_accuracy_testing,Rank_score_testing,logLik_training,Alpha_1,Alpha_2,Beta_1,Beta_2,Beta_3,Beta_4,Beta_5,Beta_6,Beta_7,Beta_8,Beta_9,Beta_10,Rank_score_training,Accuracy_cipa_1_training,Accuracy_cipa_2_training,AUC_cipa_1_training,AUC_cipa_2_training,Sensitivity_cipa_1_training,Sensitivity_cipa_2_training,Specificity_cipa_1_training,Specificity_cipa_2_training,LR_positive_cipa_1_training,LR_positive_cipa_2_training,LR_negative_cipa_1_training,LR_negative_cipa_2_training,F1score_cipa_1_training,F1score_cipa_2_training,Classification_error_training
qNet-dvdtmax-vmax-vrest-APD50-APD90-camax-carest-CaTD50-CaTD90,0.8125,0.8125,0.818181818,0.9375,0.909090909,1,0.6,0.75,2.272724091,3.999988,0.151516566,1.33E-06,0.869565217,0.727272727,0.199301254,0.928909953,0.8,-0.005890594,-15.66554179,24.41366074,-337.1314519,91.84556353,29.49837367,83.11161702,-483.367361,348.8804544,0.311893084,126.4448446,-118.934623,242.6005451,1,0.999749739,0.999124088,0.999999561,0.999882887,0.9998125,0.99825,0.999623824,0.999561815,2650.790875,2272.964171,0.000188571,0.001751766,0.9998125,0.998686926,0.001550738
qNet-dvdtmax-vmax-vrest-APD50-max_dv-camax-carest-CaTD50-CaTD90,0.8125,0.75,0.827272727,0.916666667,0.818181818,0.75,0.6,0.666666667,2.272724091,2.999994,0.227273693,0.30000084,0.857142857,0.666666667,0.239730646,0.914691943,0.7,-0.009018977,-79.47738087,-33.21719838,-359.3234264,-100.9654451,-157.7726516,206.7711585,-377.4378778,-245.2002829,163.4445677,298.2578863,26.18926467,457.1955501,1,0.999416058,0.998456726,0.999996865,0.999871471,0.9996875,0.997,0.998871473,0.999186228,885.0508348,1223.657161,0.000313854,0.003003441,0.999562555,0.997685909,0.002710432
